FA 18:1,FA 18:2,FA 18:3,FA 20:4,FA 22:6,LPC O-16:0,LPC O-16:1,LPC O-18:0,LPC O-18:1,LPC O-18:2,LPE 16:0,LPE 17:0,LPE 18:0,LPE 18:1,LPE 18:2,LPE 18:3,LPE 20:3,LPE 20:4,LPE 20:5,LPE 22:4,LPE 22:5,LPE 22:6,LPE O-16:1,LPE O-18:1,LPE O-18:2,LPE O-20:1,LPG 18:1,LPG 18:2,LPI 18:0,LPI 18:1,LPI 18:2,LPI 20:3,LPI 20:4,Hex2NeuAcCer 34:1;O2,PE 34:1,PE 36:1,PE 36:2,PE 36:3,PE 36:4,PE 36:5,PE 37:4,PE 38:2,PE 38:4,PE 38:6,PE 40:6,PE 40:7,PE O-16:1_18:1,PE O-16:1_18:2,PE O-16:1_20:4,PE O-18:1_16:0,PE O-18:1_18:1,PE O-18:1_18:2,PE O-18:1_20:4,PE O-18:1_22:6,PE O-18:2_18:2,PE O-18:2_20:4,PE O-35:2
2.1901,2.0113,-1.3389,0.801,0.0586,0.931,1.6943,0.01,1.2322,-1.2585,2.5848,-1.5745,1.7275,1.5944,3.1212,-0.9237,0.4271,2.3109,-0.8789,-0.6861,0.2757,1.176,-0.3606,0.0964,-1.3032,-1.3721,-1.2795,-1.7406,0.0494,0.0967,0.541,-0.5775,1.1227,0.2893,0.3652,1.0714,2.4758,1.1942,0.9905,-1.8204,-2.6091,-2.2444,1.9614,0.5719,0.0581,-2.3008,0.6714,1.0808,2.2655,-1.3551,0.8154,3.0414,3.4578,1.1441,0.7181,1.8516,-1.7461
2.7374,1.982,-0.8517,0.3992,1.2929,0.5319,0.9699,-0.861,-0.804,-1.589,1.8858,-1.8725,1.2545,1.0391,1.8283,-2.3264,-0.8456,1.4036,-1.3595,-1.9814,-0.8524,1.3854,-0.942,-0.8262,-1.8557,-1.6576,-1.4126,-1.8385,0.145,-0.4055,-0.5076,-1.2176,0.1332,-0.117,0.6961,1.0121,2.576,0.9061,1.0843,-1.3406,-2.3402,-2.445,2.1614,1.4519,1.3516,-0.4727,0.1795,0.9462,2.6094,-1.4863,0.0958,2.1358,3.4871,1.8761,0.9913,2.0232,-2.162
2.4533,0.9743,-0.946,0.5023,1.6277,0.3846,0.6456,-0.7568,-0.7794,-2.2014,1.945,-1.4665,1.1466,1.0182,1.7223,-1.4362,-0.3836,1.5185,-0.629,-2.1257,-0.7563,1.3475,-0.9173,-0.6562,-1.8557,-1.6374,-1.2795,-1.9325,0.3506,0.3619,-0.4394,-0.5627,0.8771,0.114,0.5562,0.7576,1.9246,0.5597,0.9643,-0.8498,-1.5571,-2.6325,1.9674,1.31,1.0667,-0.8073,0.2266,0.5544,2.3112,-1.3986,0.5325,2.2215,3.6287,1.8152,1.0443,1.9693,-1.5151
3.7975,2.8025,-0.1906,0.9974,1.2722,0.0491,0.1628,-0.9397,-0.265,-2.0716,1.8658,-1.4829,1.2918,0.9768,1.8238,-1.3718,-0.1772,1.653,-0.3625,-1.5091,-0.0945,1.0726,-1.1498,-0.9327,-1.9996,-1.7064,-1.2885,-1.8084,-0.001,-0.5765,-0.2212,-0.9472,0.351,-0.5334,0.8308,0.9511,2.2879,0.8724,1.1114,-0.6719,-1.4985,-2.724,1.9843,1.1917,0.9541,-1.1951,-0.4704,-0.3655,1.2482,-1.8986,-0.3629,0.6778,1.7629,0.5445,-0.0426,1.2639,-2.5273
4.2617,3.5584,0.3806,0.8652,1.1147,0.1426,0.0298,-1.0006,-0.2556,-2.1035,1.2002,-2.2271,0.769,1.0738,1.914,-1.9707,-0.147,2.1045,0.1045,-0.9108,-0.009,1.691,-1.1046,-0.8022,-1.731,-1.6451,-1.4091,-1.8426,0.0396,0.1786,-0.2132,-0.6802,0.5335,-0.4607,-0.7477,-0.2023,1.0935,-0.2879,-0.3228,-2.3217,-4.149,-4.1748,0.9342,-0.3739,-0.905,-4.3281,-0.0558,0.1786,1.5444,-1.7937,-0.0243,1.4492,2.4618,1.0311,0.3613,1.7123,-2.5159
4.1483,3.398,0.0392,1.2727,1.1689,0.792,1.2119,-0.4982,0.1091,-1.4643,2.4492,-1.5518,1.4156,1.2181,2.2437,-1.5482,-0.0385,2.1644,-0.6346,-0.9738,0.3051,1.4783,-0.575,-0.2391,-1.0752,-1.5013,-1.3225,-1.8337,-0.0931,-0.0665,-0.2432,-0.8451,0.6396,-0.1566,0.1379,-0.1347,1.4958,-0.1193,0.708,-1.7065,-2.784,-3.9643,1.5174,0.5625,-0.1907,-2.7554,0.2418,0.5889,2.2724,-1.4785,0.3569,2.3401,3.5731,1.3591,1.2095,2.0728,-1.912
1.8529,0.6843,-1.9366,-0.1713,0.0491,1.0443,0.7182,-0.2357,0.7964,-1.5655,1.7386,-2.0482,1.1964,1.4355,2.5003,-2.581,-0.4289,1.7275,-1.6284,-1.3136,-0.605,1.1387,-0.9777,-0.6562,-1.6208,-1.5508,-1.358,-1.7354,0.0881,-0.132,-0.0872,-0.6918,0.646,-0.1428,0.3652,0.9285,2.3945,0.9834,0.4352,-2.2204,-3.4871,-2.445,1.7655,0.7183,0.2511,-1.5471,0.0295,0.2222,1.2482,-1.7397,0.2257,1.9549,2.5252,1.2221,0.6863,1.499,-2.3026
3.0227,2.3453,-0.3719,1.1597,1.8585,0.2726,0.5324,-0.5134,-0.7106,-1.8512,1.5193,-1.8596,1.2006,0.9945,1.9249,-1.8801,0.0492,1.6959,-0.8861,-1.5311,-0.1958,1.2229,-1.1971,-0.7595,-2.314,-1.5393,-1.31,-1.946,-0.1311,-0.4095,-0.3897,-0.7678,0.0199,0.3198,0.3964,0.5236,2.0124,0.4862,0.976,-1.1322,-2.5126,-3.1598,1.8965,0.9369,0.3902,-1.475,0.0673,0.4008,1.495,-1.5947,0.3857,2.2215,2.6842,1.4805,0.5249,1.4693,-2.2523
2.4007,1.459,-0.7804,0.488,0.9193,0.5529,0.9109,-0.6498,0.1581,-1.7001,1.3258,-1.8283,1.1049,0.984,2.0779,-2.0853,-0.3512,1.942,-0.7536,-1.6495,-0.2925,1.2158,-1.2068,-0.8343,-1.8183,-1.6279,-1.2617,-1.6924,0.2723,-0.3003,-0.4013,-0.8451,0.7329,0.4547,0.0099,0.5503,2.2249,0.8492,0.8453,-1.3371,-2.1464,-3.1467,2.0136,0.803,0.2359,-1.9658,0.539,0.9629,2.7129,-1.2456,0.7753,2.9885,4.2801,1.83,1.3702,2.2914,-1.4811
2.9561,2.0438,-0.9954,0.5652,1.1734,0.3613,0.5013,-0.9767,-0.0876,-1.8703,2.2866,-1.5167,1.4363,1.1379,2.1953,-1.3072,-0.2277,1.7891,-0.2659,-1.4461,-0.1933,1.3634,-0.898,-0.6877,-1.8368,-1.6497,-1.2558,-1.7599,0.0785,-0.0792,-0.3244,-0.9579,0.4487,-0.1081,0.3124,0.6536,2.2792,0.6021,0.8205,-1.0939,-2.4784,-3.2814,1.8518,1.0358,0.7758,-1.6297,0.1122,0.5048,1.6291,-1.5772,0.2499,2.3341,2.713,1.3066,0.5529,1.7275,-2.0041
1.2226,0.3241,-1.8893,-0.1896,0.6711,0.2559,0.4934,-0.8673,-0.8786,-1.8964,1.7798,-1.6921,1.1375,0.8432,1.8961,-1.8668,-0.5073,1.3947,-0.8255,-2.5351,-0.8032,1.23,-1.0842,-0.9238,-1.9491,-1.7195,-1.4162,-1.8468,-0.0733,-0.9302,-0.9083,-0.9139,0.0297,-0.2529,0.3124,0.7576,2.1974,0.6908,0.7874,-1.1897,-2.1129,-2.7936,1.9022,1.1068,0.827,-1.2387,-0.0665,-0.0468,1.4367,-1.797,-0.0982,1.4139,2.5628,1.2705,0.196,1.5843,-2.1657
1.3739,0.4424,-1.5953,-0.0856,1.6277,0.1426,0.1163,-1.1687,-0.9913,-2.5584,1.8708,-1.9804,0.9825,0.534,1.0226,-2.6925,-1.2453,0.6836,-0.3399,-3.4575,-0.9914,1.4131,-1.5745,-1.2722,-2.4384,-1.8212,-1.9607,-2.3132,-0.8494,-1.5777,-1.5175,-1.5097,-0.7166,-1.0306,0.3192,0.2943,1.2856,-0.0121,0.6825,-0.4947,-3.1142,-4.0765,1.5514,1.5009,1.1728,-0.2778,-0.8276,-0.9323,-0.004,-2.22,-1.1522,-0.2261,0.4693,0.3065,-0.9242,0.7375,-3.1879
1.4547,0.0969,-2.6357,0.1151,1.0054,0.8973,1.317,-0.3338,0.4924,-1.6685,1.8608,-1.9886,1.2048,1.1354,1.9619,-2.6445,-0.6909,1.7399,-1.4192,-1.8032,-0.5174,1.1311,-0.9751,-0.7332,-2.1586,-1.5551,-1.2077,-1.889,-0.1354,-0.4232,-0.4951,-0.9544,0.6202,0.4068,-0.3706,-0.1476,1.254,-0.2338,-0.0774,-2.1412,-5.2688,-4.9488,1.1996,-0.2279,-0.978,-3.0956,-0.1234,-0.0655,1.6683,-1.6091,-0.0971,1.4623,3.1426,1.403,0.3216,1.6341,-2.3257
3.5083,2.4367,-0.5235,0.2805,0.2943,0.6927,0.6822,-0.351,0.0597,-1.6429,1.984,-1.3518,1.2937,1.295,2.5774,-1.1615,0.0199,2.2178,-0.4583,-1.2194,0.0295,1.6231,-1.0814,-0.6104,-1.8183,-1.4888,-1.358,-1.9494,-0.1025,-0.337,-0.7742,-1.0844,-0.0171,0.2008,0.1872,0.5072,2.2107,0.9024,0.9819,-1.2573,-1.7913,-3.019,1.9161,0.8953,0.464,-1.1066,0.3404,0.9462,1.9917,-1.4633,0.6402,2.6866,3.2417,1.5952,1.1111,1.9716,-1.7862
2.9561,2.4706,-0.9848,1.0804,1.8967,0.786,0.9829,-0.4293,0.5391,-1.5938,1.5958,-1.9513,1.2251,0.7297,1.3224,-2.5687,-0.9195,1.4886,-1.0965,-2.2661,-1.4059,1.2884,-0.879,-0.5014,-1.6258,-1.605,-1.4987,-1.7629,0.0494,-0.4014,-0.2666,-0.9983,0.6587,-0.3178,0.1547,0.545,2.0561,0.275,0.8861,-1.5087,-2.5479,-2.724,2.1077,1.393,1.2416,-0.5323,0.3203,0.7581,2.5405,-1.3649,0.7177,2.5726,4.2694,2.326,1.0755,2.2352,-1.7131
1.7116,0.8254,-1.1082,-0.1736,-0.243,0.7306,0.8976,-0.3644,0.4643,-1.6841,2.2911,-1.5385,1.29,1.2653,2.4082,-0.892,-0.1908,1.8878,-0.5503,-1.3948,-0.3075,1.2335,-0.4459,-0.3908,-1.2477,-1.5474,-1.2472,-1.7446,0.0689,-0.5084,-0.5132,-0.9208,0.3969,-0.258,-0.1248,0.5127,1.8698,0.5488,0.38,-1.7446,-2.7696,-3.0378,1.4302,0.2248,-0.1907,-2.7275,-0.0223,0.3776,1.7989,-1.7129,-0.0407,1.6296,2.5584,0.8285,0.3216,1.6035,-2.3246
3.7137,2.7167,-0.4495,1.1742,0.789,0.9086,0.8776,-0.3752,0.5205,-1.7055,1.1134,-2.1023,1.0731,0.7923,1.5642,-2.9173,-0.2312,1.8507,-1.2362,-1.3387,-0.1751,1.0924,-0.582,-0.3229,-1.3581,-1.5719,-1.4563,-1.9555,0.0199,-0.5307,-0.5259,-0.9087,0.4487,0.114,-0.2424,0.1554,1.4621,-0.3744,0.3208,-2.2647,-3.556,-3.4282,1.6452,0.4043,0.2586,-2.6603,0.3729,0.831,2.8269,-1.402,0.5511,2.4075,4.0343,1.5865,1.3075,2.3144,-1.7862
2.7632,1.93,-0.9235,0.3131,1.3255,0.8396,1.17,-0.4265,0.2454,-1.4519,1.0754,-1.965,1.0731,0.9331,1.8849,-2.4523,-0.7095,1.358,-2.2844,-2.9209,-1.2624,1.0111,-0.7871,-0.3087,-1.4124,-1.5998,-1.5395,-2.012,-0.0181,-0.1486,-0.4183,-0.8899,0.0199,-0.1394,-0.3345,0.2277,1.7253,0.3042,0.2788,-2.2874,-3.2589,-2.3608,1.7833,0.5136,-0.0357,-1.508,0.589,1.292,2.3269,-1.4267,0.977,3.5,4.2587,2.1499,1.5832,2.1432,-1.4686
1.397,0.4726,-1.6301,0.1059,1.2512,-0.0273,0.3888,-0.8177,-0.8786,-2.3031,1.3955,-1.9123,0.9385,1.1189,1.9567,-1.9072,-0.7764,1.445,-1.6911,-2.244,-0.7628,1.487,-1.362,-1.0466,-2.2029,-1.7362,-1.2977,-1.8097,0.3248,-0.1744,-0.0508,-0.7708,0.7207,-0.3699,0.4496,1.1213,2.5173,1.0324,0.9056,-1.655,-1.9878,-2.6451,2.0645,1.4649,1.2279,-0.6374,-0.1351,0.2813,1.7286,-1.6329,0.0489,1.8913,3.2738,1.8832,0.3769,1.5966,-1.9188
2.6154,3.4316,2.0367,0.1958,1.4833,0.2305,0.4296,-0.8758,-0.157,-2.0245,1.4748,-1.8221,1.2191,1.3133,2.9537,0.7933,-0.3208,1.2164,-0.5016,-2.702,-0.9246,1.1834,-1.3393,-0.8909,-2.1464,-1.6576,-1.4947,-1.5834,0.2723,0.1608,0.4878,-0.7078,-0.2029,0.3047,0.1547,0.9637,2.7937,1.9088,0.7836,-3.3124,-2.7002,-1.8735,1.7211,1.25,0.5692,-0.0473,0.6267,1.3197,1.1801,-1.6242,0.6402,3.03,1.9586,1.728,1.6801,1.7408,-1.7185
2.6681,1.2022,-0.9562,0.3291,0.9755,-0.0813,-0.0955,-0.9374,-0.9445,-2.4488,1.9254,-1.8922,1.3289,1.2732,2.3499,-1.1086,0.1522,1.8412,-0.487,-1.1603,0.0198,1.187,-1.3245,-0.8242,-2.0374,-1.5882,-0.9388,-1.7738,-0.0404,0,-0.057,-0.1455,0.9578,0.3348,1.4224,1.8249,3.3489,1.7339,1.54,-0.2339,-1.7308,-0.9069,2.4919,1.5927,1.3672,-0.4057,0.7137,0.6886,1.6456,-1.3682,1.1425,2.6263,2.7171,1.3349,0.798,1.5913,-1.7574
3.0118,2.0402,-0.5185,1.1155,2.0175,0.2475,0.7748,-0.8801,0.2743,-1.4601,1.4916,-1.9716,1.112,0.8082,1.4147,-2.9538,-0.8729,1.6026,-1.2709,-2.18,-1.0482,1.5154,-1.1255,-0.7538,-1.8368,-1.6264,-1.483,-1.913,0.4099,-0.4923,-0.2596,-0.9526,0.8771,0.1755,-0.2762,0.1213,1.6122,0.1812,0.5508,-1.5972,-2.7137,-3.0831,1.9934,1.1129,0.7594,-0.7977,0.0855,0.0779,1.8375,-1.5911,0.2008,1.751,3.6149,1.5865,0.3923,1.6749,-2.205
1.8623,0.5885,-1.284,0.1783,1.3535,-0.0283,0.235,-1.0275,-0.2347,-2.2543,1.9056,-1.81,1.1466,1.1304,1.9181,-2.1179,-0.0602,1.8708,-0.3526,-1.8153,-0.2384,1.8906,-1.4009,-1.1062,-2.2417,-1.6046,-1.0914,-1.9426,0.3762,0.6228,0.0395,-0.5065,0.7863,0.0393,0.9915,1.2344,2.4899,0.8838,1.3591,-0.4428,-1.5722,-2.2444,2.371,1.6736,1.4949,-0.3271,0.0099,-0.0375,1.2689,-1.618,0.4747,1.9127,2.6529,1.7542,0.2809,1.5556,-2.1057
3.0972,2.051,-0.3878,0.6841,2.38,0.2305,0.5091,-1.0603,-0.2618,-2.0322,2.0273,-1.7921,1.215,1.0723,1.8721,-1.1683,-0.3809,1.4966,-0.6573,-2.0264,-0.5938,1.5013,-1.4333,-1.0773,-2.1343,-1.7855,-1.126,-1.7406,0.6188,0.5048,0.2072,-0.4962,0.926,-0.16,0.7629,1.2891,2.371,0.8686,1.1234,-0.649,-2.1897,-2.0722,2.0792,1.5019,1.4997,-0.8073,-0.0633,-0.0582,1.6488,-1.7179,-0.048,1.4184,2.6083,1.4711,0.1784,1.6717,-2.1786
0.9131,0.2404,-2.856,-0.5644,-0.0901,0.6009,0.6234,-0.6174,0.4361,-1.8639,1.9743,-1.933,1.0185,1.0908,2.0983,-2.4413,-0.4412,1.9346,-0.6309,-1.5446,-0.5191,1.3379,-1.0282,-0.6824,-1.9421,-1.517,-1.1913,-1.7124,0,-0.1221,-0.2235,-0.7495,0.9044,0.0198,0.0295,0.1554,1.8026,0.3668,0.6738,-1.655,-3.5404,-4.5323,1.4337,0.5903,-0.1957,-1.9658,0.1466,0.4461,1.5234,-1.5679,0.5135,2.4075,3.2578,1.3522,0.539,1.7511,-2.1015
3.2742,2.3835,-0.6051,1.4513,1.8013,0.6474,0.7957,-0.4054,0.0299,-1.9031,1.6706,-1.866,1.1533,0.6788,1.3426,-3.1332,-0.7855,1.5606,-1.8425,-2.0111,-0.4122,1.3885,-1.1225,-0.6562,-1.8749,-1.5795,-1.0651,-1.9059,0.8843,-0.4412,-0.6124,-0.8916,0.7146,-0.0755,0.1951,-0.0388,1.5061,-0.1481,0.9309,-1.7787,-2.3105,-3.8876,1.9648,1.2388,0.7384,-1.0313,-0.1063,0.0967,2.0446,-1.6058,0.0489,1.77,3.559,1.7201,0.5668,1.8785,-2.1786
1.3091,0.0684,-1.9093,-0.1071,0.4094,0.4819,0.7182,-0.8526,-0.2336,-1.9031,1.6012,-1.9961,0.9202,0.7112,1.2781,-2.8645,-0.9575,1.3556,-1.3518,-2.4246,-1.0749,1.0963,-0.8674,-0.7039,-1.7036,-1.6869,-1.483,-1.9815,0.0494,-0.9027,-0.9939,-1.297,-0.0303,-0.7155,0.2337,0.4676,1.6392,0.1812,0.776,-1.53,-2.7927,-2.6972,2.0418,1.0777,0.564,-1.0873,-0.1097,0.0199,2.1237,-1.7581,-0.0161,1.3643,3.6149,1.452,0.6409,1.9275,-2.2866
3.7208,2.9123,0.2556,0.7951,1.1239,1.018,1.182,-0.6074,0.8597,-1.3356,1.9106,-1.396,1.3289,1.1097,1.8877,-1.1281,-0.544,1.8162,-0.3497,-1.8153,-0.3613,1.7855,-0.7047,-0.5713,-1.4784,-1.4723,-1.1568,-1.8091,0.0199,0.1874,-0.2351,-0.7662,0.838,-0.2746,-0.0505,0.1299,1.614,0.3114,0.5353,-1.492,-2.5011,-3.1598,1.6438,0.9859,0.6148,-1.1845,0.398,0.7581,1.8923,-1.6016,0.3569,2.2463,2.7834,1.5451,0.8571,1.8836,-1.7574
3.3823,1.7184,-0.8656,1.0905,2.1512,0.0491,0.5013,-0.8136,-0.1704,-1.7725,1.1571,-2.1659,0.8981,0.8159,1.3769,-2.486,-0.4316,1.5243,-1.1896,-2.0657,-0.6787,1.6023,-1.1907,-0.8888,-1.8306,-1.7238,-1.2104,-1.9625,0.2004,0.0199,-0.3782,-0.5828,0.5941,-0.0253,0.2185,0.1802,1.5382,-0.211,0.581,-1.6651,-3.0938,-3.4192,1.6866,0.9369,0.6992,-1.7606,-0.3542,-0.5503,0.8788,-1.7157,-0.0691,1.0756,2.4294,1.3102,-0.3033,1.0721,-2.3212
1.9836,0.6909,-1.2152,0.6905,0.8337,1.1805,1.4351,-0.2285,-0.631,-1.4685,2.0891,-1.5474,1.3832,1.0866,1.8905,-1.5782,-0.3034,1.6394,-0.5712,-1.6909,-0.1921,0.9419,-0.9674,-0.5288,-1.8002,-1.5534,-1.4676,-1.9511,0.2004,-0.1265,-0.391,-0.6073,0.69,-0.1508,0.1629,0.3886,1.8474,0.3464,0.8205,-1.039,-2.2626,-3.1228,1.8994,0.872,0.3023,-1.7075,0.3536,0.3776,1.9008,-1.4596,0.5325,2.0737,3.3055,1.2778,0.9198,2.0708,-1.8406
2.91,2.9747,-0.757,1.1886,2.1714,0.1696,0.5247,-1.1687,-0.9472,-1.8768,1.5082,-2.2633,1.0904,0.7476,1.6654,-3.1157,-0.6144,1.3025,-2.0601,-2.1335,-0.8524,1.5321,-1.3245,-1.164,-2.0769,-1.8763,-1.4091,-1.8229,0.5877,-0.0634,-0.1084,-0.6405,0.7207,0.1049,0.851,0.8883,2.6371,0.9097,1.2879,-1.4056,-2.572,-2.1213,2.3615,1.7532,1.6438,-0.041,0.1632,0.1245,1.4293,-1.6921,-0.048,1.5308,2.4549,1.4063,0.4076,1.5164,-2.3644
3.8179,3.3595,0.3875,1.0238,1.133,1.0703,1.5381,-0.3105,0.9763,-1.1776,2.1406,-1.8596,1.455,1.0264,2.0199,-0.9453,-0.2324,1.9505,-0.2816,-1.5135,0.0487,1.8014,-0.4322,-0.296,-1.2716,-1.4974,-1.2825,-1.6861,0.1821,-0.1654,0.0877,-0.6532,1.2511,-0.2256,-0.2022,-0.0971,1.5674,-0.2351,0.5087,-1.4556,-3.8116,-3.7507,1.6597,0.6796,0.5043,-2.0723,0.4103,0.6691,2.5103,-1.4125,0.3786,2.0671,3.4578,1.9138,0.8744,2.1926,-1.9914
1.9265,0.5531,-1.5384,0.1871,1.0103,0.6409,1.1396,-0.5412,0.0992,-1.8575,2.1591,-1.6168,1.2468,1.036,1.7356,-2.2219,-0.7513,1.3788,-1.2851,-2.6088,-1.568,0.9058,-0.8421,-0.5826,-1.9352,-1.6549,-1.4488,-2.012,-0.007,-0.488,-0.6416,-0.9706,0.3969,-0.1406,0.0672,0.28,1.6267,0.2055,0.806,-1.66,-2.456,-3.5869,1.8072,1.0381,0.4757,-1.4119,0,0.3059,2.2862,-1.4747,0.1319,1.697,3.7495,1.7542,0.654,1.8319,-2.1485
3.1178,2.3772,-0.1621,0.8823,2.0066,-0.1986,-0.2166,-1.2878,-0.5143,-2.2543,1.5741,-1.9492,0.7916,0.8359,1.2647,-2.1687,-0.7027,1.3719,-1.0818,-1.7286,-0.5055,1.7969,-1.4415,-1.2883,-2.2103,-1.7791,-1.5947,-1.9537,-0.2129,-0.376,-0.4488,-0.9313,0.1422,-0.2592,0.9293,0.9913,2.2341,1.1836,1.335,-1.0416,-1.7191,-1.9504,1.9151,1.8481,1.5252,0.4868,0.3337,0.461,1.9399,-1.6119,0.4207,2.0269,2.914,1.762,0.5941,1.9167,-1.9466
3.2365,2.7279,0.0677,1.1597,1.7262,1.448,2.0967,-0.1895,1.0386,-0.7664,2.3533,-1.6869,1.6888,1.2809,2.1432,-1.2538,-0.3757,1.7071,-0.9844,-2.0187,-0.4577,1.3916,-0.4247,-0.0151,-1.1921,-1.4958,-1.4126,-1.8837,0.9333,0.2222,0.0199,-0.6518,1.0596,0.4207,0.6668,1.0822,2.5373,0.9421,1.1162,-1.2478,-2.0331,-1.9946,2.3218,1.5309,1.1802,-0.3358,1.1443,1.8442,3.694,-1.027,1.6836,4.2116,5.5393,2.8109,2.1324,2.7648,-0.9989
2.0774,0.7626,-1.6506,0.3371,0.2454,0.3613,0.9109,-0.7568,-0.7261,-1.9653,2.3797,-1.5608,1.3624,1.1513,2.3585,-1.2354,0.0684,1.8507,-0.58,-1.2098,-0.0609,0.892,-1.0756,-0.8141,-2.0221,-1.6185,-1.3482,-1.8928,0.1912,0.1153,-0.1267,-0.8082,0.1241,-0.3643,1.1605,1.0604,2.601,1.0818,1.4158,-0.4931,-1.6569,-2.4559,2.2232,1.0841,0.6197,-1.4938,0.3856,0.6295,1.713,-1.4747,0.5511,2.3012,2.8323,0.6005,0.667,1.6969,-1.7631
2.1426,0.5885,-1.5067,0.3607,0.8931,0.931,0.7678,-0.4713,-0.015,-2.2318,1.7592,-1.7746,1.1643,1.2339,2.0824,-1.5731,-0.4208,1.7414,-0.9583,-2.0561,-0.6548,1.2884,-1.0474,-0.8845,-2.0221,-1.6374,-1.2357,-1.892,0.1912,0.6295,-0.0446,-0.5788,1.0044,-0.107,0.461,1.1776,2.2524,0.8838,0.6334,-1.5045,-2.6473,-2.6199,1.8304,0.63,0.344,-1.9023,0.1381,0.416,2.0263,-1.6247,0.1407,1.7775,2.9251,1.3031,0.6143,1.754,-2.049
2.2577,0.4116,-1.6767,0.2303,0.7947,0.1606,0.3805,-0.8779,-0.7978,-2.3505,1.6387,-1.8596,1.0424,1.39,2.1139,-1.4056,-0.2359,1.8681,-0.6825,-1.9597,-0.4261,1.452,-1.3393,-0.9462,-2.1534,-1.6639,-1.2104,-2.0395,-0.0837,0.7643,-0.0915,-0.3776,1.1083,-0.6567,0.1872,0.8422,1.9298,0.5265,0.3988,-1.6065,-2.8508,-2.547,1.5955,0.6876,0.2282,-1.6084,-0.2353,-0.1789,1.1538,-1.8183,0.0958,1.4361,2.3533,0.9547,0.0588,1.279,-2.4064
3.3997,2.6428,-0.554,0.4219,-0.0901,0.2643,0.2614,-1.003,-0.2232,-2.0821,1.3782,-2.0276,1.1964,1.1317,1.9939,-1.8801,0.1522,2.0766,-0.5198,-1.1017,0.2682,1.0645,-0.8861,-0.7425,-1.381,-1.8127,-0.9182,-1.4908,0.3847,0.5191,-0.0141,-0.4396,1.0744,0.0198,0.6753,0.8814,2.3052,0.7093,0.8694,-1.3617,-2.2532,-2.5121,1.9725,0.7997,0.564,-1.8357,0.3404,0.6362,1.8549,-1.4411,0.5695,2.6474,3.1087,0.9408,0.798,1.8503,-2.0757
2.6154,2.4243,-0.1621,0.5306,0.5628,0.7493,0.9699,-0.4509,0.5205,-1.8449,1.7334,-1.7575,1.3115,0.8082,1.7584,-1.0461,-0.8226,1.5587,-1.0818,-2.3349,-0.8032,1.565,-0.4552,-0.4498,-1.3966,-1.4849,-1.6057,-1.6793,-0.2207,-0.8861,-0.2977,-0.9278,0.3665,-0.4622,-0.0666,0.2872,1.7725,0.275,0.576,-1.9137,-2.6217,-2.852,1.9448,1.056,0.893,-1.2727,-0.5822,-0.4566,1.384,-1.9838,-0.7966,0.7357,2.1921,1.0442,-0.2445,1.3157,-2.9353
2.4423,1.258,-1.4172,0.0491,0.589,0.9586,1.2059,-0.1907,0.7782,-1.6582,2.3621,-1.8407,1.5195,1.3225,2.6233,-1.3553,-0.2207,1.848,-1.025,-1.9112,-0.4449,1.3634,-0.9125,-0.4775,-1.7883,-1.3786,-1.0556,-1.6598,0.6875,0.5474,-0.1063,-0.4746,0.7085,0.2174,0.8342,1.3401,2.9183,1.4415,1.2105,-1.1809,-2.4233,-2.1552,2.1418,1.1793,0.8038,-0.7788,0.4688,0.6756,1.9288,-1.4941,0.7955,2.9035,3.3522,1.7306,0.9366,1.8735,-1.804
3.0444,2.3961,-0.2772,1.0804,1.8346,0.0778,0.0298,-1.1376,-0.3647,-2.3105,2.1591,-2.2654,1.4065,1.0248,1.9697,-1.0401,-0.2336,1.5379,-0.4967,-1.6856,-0.3805,1.4725,-0.865,-0.75,-1.6717,-1.733,-1.378,-1.7713,0.1543,0.1697,0.2161,-0.9156,0.3588,-0.4172,1.1873,1.5406,2.8133,1.0574,1.3009,-0.5115,-2.445,-1.5218,2.2852,1.5356,1.4477,-0.6682,0.2566,0.5613,2.5001,-1.502,0.3422,1.9997,3.6149,1.426,0.7616,2.0515,-2.0634
4.0743,2.9411,-0.1656,1.2589,0.9604,-0.2995,-0.1653,-1.3803,-0.4067,-2.3494,1.8708,-1.9464,0.9594,0.8803,1.2754,-2.2495,-0.6286,1.7399,-2.3227,-1.3533,-0.1751,1.5891,-1.5464,-1.2818,-2.1266,-1.834,-1.3986,-1.9203,0.2276,0.2562,0.277,-0.5052,1.2288,-0.2927,1.4402,1.1085,2.524,1.4155,1.8808,-0.895,-0.8748,-1.256,2.6007,2.0016,1.8283,0.806,0.1632,0.0395,2.1436,-1.6794,0.0489,1.3089,2.9084,1.4391,0.3296,1.8923,-2.3005
2.3224,1.1971,-1.409,0.5652,1.9818,1.2614,1.317,0.0682,1.0652,-1.4601,2.647,-1.4544,1.6088,1.1501,2.4321,-2.2777,-0.3283,1.9732,-0.9228,-1.5267,-0.2965,1.8651,-0.7008,-0.2343,-1.4657,-1.3372,-1.2617,-1.8242,0.1167,-0.2744,-0.2916,-0.7465,0.7449,0.9464,0.3056,0.6898,2.4758,0.7671,0.8419,-1.6113,-2.4233,-2.6199,2.0495,1.2468,0.9735,-1.0103,0.2784,0.7269,2.1362,-1.3816,0.5695,2.8405,3.8396,2.1638,1.1609,1.9994,-1.804
2.4518,2.2174,-1.3694,0.4368,1.1466,0.0297,-0.0171,-0.8631,-0.9178,-2.3583,1.0305,-1.9056,0.8687,1.028,2.0546,-2.4195,-0.4453,1.5919,-1.216,-1.9112,-0.4838,0.9419,-1.2333,-0.8425,-1.9922,-1.6753,-1.3547,-1.7818,-0.3519,-0.4793,-0.2432,-0.8798,0.4775,0.2499,0.1033,0.9053,2.3137,1.0878,0.61,-1.3834,-2.3605,-2.5951,1.8062,0.3428,-0.0151,-2.1296,0.0945,0.4236,1.9673,-1.4303,0.3998,2.1583,3.559,1.5777,0.5736,1.6733,-1.9326
2.2648,1.1659,-0.9848,0.2217,0.5429,0.2643,0.6676,-1.003,0.1581,-1.7784,1.9548,-1.7746,1.112,1.0264,1.8577,-1.5048,-0.4316,1.3533,-0.7286,-2.2109,-0.8693,1.2335,-1.1467,-0.9193,-1.7824,-1.7112,-1.5776,-1.9669,-0.0353,0.0199,-0.4663,-0.8782,0.0871,-0.8309,0.9526,0.9415,2.3137,0.8609,1.1234,-0.8994,-1.9658,-2.547,1.9892,1.3378,0.9798,-0.8219,0.4042,0.7014,1.8894,-1.5723,0.5573,2.3132,2.8839,1.3488,0.8571,1.8359,-1.7131
1.8716,0.6909,-1.393,0.3528,0.9451,0.7244,1.078,-0.5444,0.2935,-1.5517,1.3434,-1.8407,1.0158,0.9169,1.6583,-2.3465,-0.4958,1.6445,-1.1482,-1.6962,-0.5055,1.1575,-1.0558,-0.8302,-1.6408,-1.683,-1.4197,-1.9146,0.0298,-0.2842,-0.4582,-0.9508,0.4341,-0.0407,-0.4573,-0.0192,1.3482,-0.1634,0.2569,-1.9989,-3.0975,-3.6545,1.5299,0.4275,-0.123,-2.2347,0.2926,0.4008,1.878,-1.4785,0.5511,2.1647,3.5161,1.5055,0.8454,1.8477,-1.7294
1.9575,1.0141,-1.8316,-0.399,-0.5538,0.1335,0.0974,-1.068,-0.2913,-2.2483,0.9914,-1.9893,0.9294,1.23,2.1194,-1.784,-0.2997,1.7414,-0.948,-1.3682,-0.1112,1.2335,-0.9346,-0.8974,-1.7036,-1.6753,-1.3482,-1.8844,0.3074,0.3853,-0.1289,-0.6114,0.8037,-0.4745,0.3778,1.0954,2.2079,0.5488,0.4978,-1.8554,-2.8192,-2.7376,1.7295,0.3232,0.1967,-2.6867,-0.2458,-0.1364,1.1181,-1.7924,-0.2797,1.0861,1.9937,0.5445,-0.0856,1.1618,-2.2564
1.8693,0.7943,-0.9848,-0.2198,0.5294,0.2643,0.6676,-0.7212,0.0795,-1.5609,1.984,-1.8533,1.3574,1.3535,2.6732,-0.7542,-0.2777,1.8274,-0.9253,-1.572,-0.0956,1.4956,-1.053,-0.7671,-1.7765,-1.618,-0.7968,-1.527,0.7398,0.3698,0.369,-0.5574,0.9366,0.5816,0.7164,1.281,2.9009,1.5131,0.8959,-0.9633,-2.784,-1.8468,2.0263,1.1934,1.0581,-0.8467,0.1549,0.4757,1.5617,-1.5736,0.3123,2.3162,2.7814,1.6576,0.667,1.6341,-2.2523
4.7813,4.0568,0.4214,1.9272,2.0472,0.6863,0.5555,-0.5365,0.2261,-1.8833,1.1818,-1.9752,1.0879,0.7327,1.6143,-2.486,-0.2548,1.9884,-0.4138,-1.6197,-0.3383,1.7153,-1.0958,-0.6441,-1.6308,-1.7226,-1.0722,-1.7787,0.3931,0.1874,0.1438,-0.5233,1.0695,0.2893,-0.5438,-0.2023,1.3061,-0.6854,0.4292,-1.8022,-2.7275,-4.4362,1.5898,0.6993,0.6049,-2.0487,0.4856,0.6626,2.5664,-1.2895,0.8105,2.4675,3.9388,1.7464,1.2474,2.3219,-1.6306
3.0762,1.9524,-0.7654,0.7771,0.3946,0.5035,0.891,-0.6225,-0.6964,-1.5702,1.2063,-1.81,1.1191,0.8781,1.4353,-2.4975,-0.5175,1.9589,-0.79,-1.2356,-0.1896,1.0686,-1.0146,-0.6913,-1.7883,-1.617,-1.2357,-1.833,0.2366,-0.3473,-0.4249,-0.7708,0.8548,0,-0.2035,0.1802,1.4621,-0.3196,0.6147,-1.7963,-2.4897,-4.0907,1.9012,0.5385,0.2047,-2.5126,0.4103,0.2646,2.042,-1.2746,0.6851,2.0303,3.559,1.2221,0.3923,1.9311,-1.7574
2.7243,2.2475,-0.9614,0.4068,0.7776,1.2614,0.9893,-0.0458,0.7782,-1.8964,2.2415,-1.4112,1.2331,1.3156,2.5003,-1.5482,-0.1056,2.001,-0.3042,-1.5048,-0.0514,1.4491,-0.9076,-0.4046,-1.9922,-1.4671,-1.3747,-1.8588,-0.0691,-0.1744,-0.4408,-0.9036,0.3818,-0.0884,0.1951,0.5236,1.8202,0.5322,0.5141,-1.4879,-2.7002,-3.2331,1.4266,0.4102,-0.1037,-2.3203,0.0945,0.5752,1.4478,-1.5222,0.4344,2.5453,3.1927,1.4358,0.6009,1.686,-1.7631
3.0227,2.1631,-0.3776,1.634,2.4765,0.5599,0.7748,-0.5762,0.2067,-1.808,2.2097,-1.9192,1.3705,1.0132,1.8071,-1.8088,-0.3967,1.8695,-0.7452,-1.6003,-0.1386,1.8215,-0.7637,-0.4227,-1.5725,-1.5998,-1.1832,-1.8844,0.0199,-0.3987,-0.681,-0.6831,0.7863,-0.582,0.4205,0.7576,2.055,0.419,0.9613,-1.2137,-2.6734,-2.1297,2.2905,1.3,1.1875,-0.7088,-0.008,0.1427,2.2839,-1.6799,0.1319,1.6216,3.6966,1.7174,0.4892,1.8948,-2.2098
1.688,0.4424,-1.3579,0.2887,1.9623,0.3769,0.9764,-0.7138,0.1678,-1.7273,1.8053,-1.7297,1.1443,1.0963,1.9774,-1.7186,-0.3954,1.7039,-0.3915,-1.5311,-0.2384,1.5944,-0.9028,-0.7481,-1.6613,-1.5813,-1.4233,-1.8867,0.3847,0.314,-0.1021,-0.8082,0.5607,0.0773,0.1872,0.395,1.7601,0.1477,0.5908,-1.2701,-3.1312,-3.5006,1.5094,0.9261,0.3902,-1.7913,0.121,0.2895,1.6058,-1.4785,0.2658,1.8877,2.7515,1.6851,0.5319,1.6985,-1.9608
1.5428,0.266,-1.8316,0.0297,1.1997,0.792,1.1213,-0.6584,-0.6717,-1.6947,2.0464,-2.2362,1.2251,1.1889,2.1183,-2.0773,-0.5987,1.7197,-0.7922,-1.5091,-0.647,1.1687,-1.1076,-0.8425,-1.8814,-1.6012,-1.2049,-1.8242,0.6419,0.416,-0.3146,-0.8019,0.866,-0.2417,0.3588,0.737,2.0595,0.3532,0.7605,-1.3233,-3.2843,-3.0885,1.7943,0.8257,0.4401,-1.5225,0.2566,0.3776,2.3314,-1.5263,0.2092,1.9374,3.3829,1.6659,0.9086,2.0976,-2.1378
2.6196,1.982,-0.489,0.7031,0.8824,0.8454,0.5708,-0.4951,0.197,-1.9031,1.9645,-1.7027,1.4275,1.327,2.1507,-1.0491,-0.2219,2.1719,-0.0576,-1.3948,0.0392,1.6812,-0.8674,-0.6038,-1.7942,-1.5276,-1.5353,-1.9477,-0.1375,-0.2147,-0.1506,-0.5721,0.8209,-0.1372,0.3458,1.1213,2.3469,0.9698,0.912,-1.0885,-2.4784,-1.9504,2.1147,1.0925,0.868,-0.8878,0.3793,0.461,2.2515,-1.5222,0.5756,1.9722,3.5871,1.601,0.7677,2.0504,-1.9825
3.1178,1.5836,-0.6476,0.9761,1.2722,0.2643,0.4377,-0.6725,-0.1233,-2.2979,2.4492,-1.3998,1.3237,0.9351,1.125,-2.3566,-0.4522,1.4321,-1.4568,-1.4919,-0.0336,1.4131,-0.5715,-0.5459,-1.4615,-1.5227,-1.4341,-2.0061,0.4922,0.0297,-0.4368,-0.7435,0.2875,0.0393,1.6667,1.552,2.6661,1.5502,2.0723,0.01,-0.2311,-0.7719,2.7079,2.2195,2.1351,0.8592,0.2639,-0.006,2.1062,-1.6472,0.3273,1.4272,2.9874,1.7227,0.4303,1.8117,-1.9053
1.6367,0.2575,-1.284,0.6192,1.2805,1.2661,1.2939,-0.2688,0.3604,-1.6083,2.8988,-1.6765,1.667,1.4886,2.6792,-0.1324,0.6164,2.5109,0.728,-0.3416,0.7145,1.9703,-0.6267,-0.3623,-1.4913,-1.5227,-0.9944,-1.7016,0.3677,0.7078,0.2072,-0.4533,1.0348,0.3998,0.7283,1.1893,2.4099,0.7967,1.1329,-0.3918,-2.3008,-2.1901,2.1484,1.1089,0.6534,-1.3988,0.5074,0.801,2.7779,-1.2571,0.924,2.7558,4.1489,1.749,1.3301,2.3728,-1.6016
3.1583,2.0723,-0.3719,1.3749,2.3642,0.3769,0.6308,-0.8116,0.2454,-1.796,3.0065,-1.2826,1.6454,1.249,1.9888,-1.323,0.078,1.9395,-0.4694,-1.2789,-0.1282,1.6861,-1.1017,-0.7148,-1.9704,-1.6084,-1.1285,-1.8156,0.476,0,-0.5633,-0.7601,0.6267,0.6851,1.6076,1.7497,3.0425,1.6037,1.9726,0.3093,-0.5863,-1.2256,2.7848,1.9948,1.7965,0.2859,0.6175,0.7766,2.4462,-1.1211,1.0963,3.0231,4.5921,2.0578,1.0959,2.1926,-1.3378
2.635,1.4681,-1.1172,0.5023,0.9089,0.5319,0.616,-0.648,-0.8568,-1.7218,1.0175,-2.1285,0.9139,1.0132,1.6848,-2.4747,-0.7891,1.2219,-1.6804,-2.346,-0.9376,0.7337,-1.1225,-0.9739,-1.7535,-1.7336,-1.4869,-2.0271,-0.0847,-0.2768,-0.3668,-1.0096,0.221,-0.45,-0.2693,0.426,1.8026,0.3042,0.058,-2.0863,-3.7773,-3.3062,1.4649,0.2686,-0.0472,-2.9101,0.0673,0.2049,1.3413,-1.7666,-0.2669,1.2758,2.0898,0.8234,0.3376,1.4693,-2.2636
3.8111,2.4583,0.0198,1.1934,1.8496,0.7306,0.8095,-0.3523,-0.6764,-1.7055,2.4362,-1.6663,1.678,1.3819,2.4781,-0.8051,0.1062,2.1859,0.3519,-1.2356,0.4079,2.1094,-0.9803,-0.4512,-2.0298,-1.4505,-1.1594,-1.9028,0.7472,0.7949,0.2855,-0.6142,1.0247,0.6685,0.8576,1.3734,2.5823,0.7001,1.1761,-0.5254,-2.2626,-2.3306,2.3011,1.4227,1.3691,-0.9036,0.3856,0.6161,1.8866,-1.592,0.8543,2.5834,2.9964,1.7799,0.7369,1.9862,-1.912
4.2565,3.9626,0.7206,1.5288,2.9898,1.018,1.2939,-0.4237,0.6318,-1.618,3.5386,-0.8394,1.6975,1.0296,2.1943,-1.2173,-0.0612,1.972,0.1312,-1.9456,-0.0377,2.4123,-0.575,-0.2846,-1.6358,-1.325,-1.2472,-1.8269,0.0785,-0.3473,-0.0999,-0.9472,0.4487,-0.0439,0.5101,0.5397,2.3631,0.8253,1.3403,-0.4057,-1.1845,-2.724,2.3167,1.7969,1.6557,0.0198,0.4517,1.167,2.1386,-1.3389,0.7284,2.8159,3.1761,2.3189,0.9859,2.0927,-1.5239
3.8179,2.8025,-0.5854,0.9215,0.9193,0.2475,0.4538,-0.6395,-0.266,-2.0895,1.1447,-2.3239,1.083,0.9291,1.9528,-2.3566,-0.3146,1.8302,-1.5228,-1.2721,-0.2925,0.835,-1.3209,-0.9127,-2.3984,-1.6731,-1.4987,-1.9075,0.1072,-0.2442,-0.0694,-0.3896,0.9941,-0.3897,-0.3876,0.1963,1.5919,-0.0804,0.405,-2.2141,-3.5692,-5.2178,1.5605,0.202,-0.2992,-3.4358,-0.2235,0.4903,2.1112,-1.7287,-0.2631,1.6377,2.6487,0.8183,0.2134,1.4323,-2.773
3.0762,1.9412,-0.5626,1.008,1.7982,0.1872,0.4776,-0.9511,-0.8265,-2.1595,1.3375,-2.0989,0.9475,1.1477,1.9697,-1.4056,-0.4788,1.8507,-0.6216,-2.0585,-0.765,1.8716,-1.3063,-0.8242,-2.2273,-1.6461,-1.4126,-1.8595,0.3677,0.6362,0.2511,-0.6932,0.7449,-0.2914,0.2559,0.6206,1.9076,0.4502,0.7683,-1.3336,-2.8015,-3.0173,1.8842,1.1028,0.9376,-1.1231,0.1381,0.5821,2.2115,-1.5181,0.123,2.0167,3.3829,1.7174,0.7431,2.0189,-2.3146
2.3121,1.0141,-0.8941,0.5165,0.5694,0.3846,0.8776,-0.8056,-0.8403,-1.7109,2.1637,-2.0498,1.4126,1.2999,2.2599,-0.708,-0.0992,1.8412,-0.2251,-1.7855,-0.1632,0.9899,-1.1046,-0.8425,-2.0071,-1.6284,-1.368,-1.9005,0.1728,0.4684,0.1253,-0.1285,1.475,-0.3518,0.461,0.737,2.0728,0.6814,0.7798,-1.1074,-3.3864,-2.6075,1.9386,0.5766,0.164,-1.9586,-0.1445,-0.272,1.3763,-1.8016,-0.2529,1.2129,2.1145,0.4724,-0.0242,1.4813,-2.484
1.5191,1.8343,0.0863,-0.3126,0.8556,0.2475,0.5631,-1.0054,0.3413,-1.6083,2.4963,-1.612,1.4392,1.4466,2.7818,-0.2525,-0.4717,1.6894,0.5335,-2.1344,-0.5225,1.6959,-0.9623,-0.7748,-1.6928,-1.5474,-1.368,-1.5107,-0.0712,-0.4177,0.059,-1.1009,-0.3026,0.0958,-0.059,0.6583,2.2879,1.3097,0.3343,-0.9847,-3.28,-2.2444,1.5046,0.9315,0.4757,-0.4677,0.0198,0.1874,0.8893,-1.8384,-0.1383,2.0303,1.6997,1.3418,0.6474,1.6291,-2.3991
2.6843,1.5531,-0.9928,0.6192,1.8376,0.0394,0.1257,-1.0425,-0.2253,-2.1775,0.6494,-2.4273,0.6714,0.8456,1.4621,-3.352,-1.0379,1.3197,-1.0473,-2.1782,-0.9588,1.1349,-1.454,-1.1612,-2.1181,-1.7509,-1.3353,-1.8844,-0.3664,-0.4779,-0.3037,-0.9191,0.6713,-0.0522,-0.619,0.0486,1.3036,-0.3597,-0.0633,-1.9207,-4.2967,-4.1748,1.3749,0.3032,0.0295,-2.4671,-0.2591,-0.5247,1.0953,-1.7339,-0.1159,1.0808,2.4664,1.2184,-0.0845,1.4951,-2.5433
3.777,3.274,-0.2514,0.807,0.2371,0.7738,1.2059,-0.4222,0.9047,-1.2484,1.8053,-1.8221,1.2429,1.2499,2.2504,-1.2576,-0.4047,1.5606,-1.9992,-1.9112,-0.6787,0.8105,-0.91,-0.5273,-1.5773,-1.5343,-1.483,-1.8837,-0.6786,-0.3893,-0.382,-1.1821,-0.2469,-0.5253,-0.0431,0.0099,1.6739,0.7671,0.2345,-2.1431,-3.9302,-3.2651,1.3787,0.1623,-0.6044,-2.0255,0.3536,0.5333,1.7067,-1.6467,0.3714,2.1519,2.4526,0.8931,1.0286,1.6018,-2.0125
2.6749,1.4681,-1.0062,0.4144,0.2619,0.239,0.1992,-0.78,-0.2755,-2.3169,1.6916,-1.7689,1.1511,1.2462,1.9761,-2.1774,-0.0232,1.7228,-0.7514,-1.768,-0.3116,1.0278,-1.2068,-1.0145,-2.1828,-1.619,-1.3547,-1.8733,0.2987,0.2562,-0.1354,-0.7078,0.3432,-0.2085,0.9751,1.2559,2.6661,1.2793,1.4709,-0.7418,-1.5928,-1.9797,2.3469,1.4134,1.0319,-0.9197,0.5234,0.7457,2.0289,-1.416,0.8543,2.4871,3.4281,1.7748,0.7431,1.951,-1.578
2.1309,0.9043,-1.1987,-0.3177,0.9553,0.792,0.8095,-0.2888,0.02,-1.6429,1.6706,-1.6511,1.1985,0.9822,1.9489,-1.8868,-1.0241,0.9226,-1.278,-2.7055,-1.2027,0.7015,-0.6851,-0.5166,-1.3657,-1.5077,-1.3194,-2.047,0.2723,0.1336,-0.6462,-1.0701,-0.2289,-0.2146,0.3458,0.5912,2.2614,0.9834,0.708,-1.1294,-2.4897,-2.6325,1.8072,1.1048,0.344,-1.0222,0.1795,0.3221,1.4181,-1.7617,0.1755,2.0235,2.5005,1.3066,0.7369,1.6138,-1.912
2.436,1.4406,-1.0224,0.7467,1.0346,0.9366,1.4625,-0.3404,0.2067,-1.3247,2.0702,-1.6612,1.4634,1.1899,2.0174,-1.5384,-0.0696,1.7759,-1.2093,-1.6051,-0.2106,1.5321,-0.9751,-0.4939,-1.7765,-1.5759,-1.4162,-1.8814,0.0785,-0.2586,-0.6216,-0.5681,0.4987,0.1924,0.9751,1.5158,2.6718,1.1342,1.3227,-0.9799,-1.3359,-1.507,2.3897,1.5618,1.4932,-0.3686,0.1466,0.2646,2.4775,-1.3816,0.448,1.9929,4.1823,1.8496,0.7555,1.9895,-1.7862
2.0509,0.7753,-1.8632,0.0199,1.133,0.1426,0.3805,-0.8116,-0.8657,-1.9166,1.3608,-1.9585,1.0021,1.1279,1.9645,-1.9853,-0.8436,0.9879,-1.5694,-2.6212,-1.3571,0.6629,-1.1255,-0.8802,-1.8946,-1.7165,-1.4791,-1.9741,-0.1025,-0.3681,-0.7069,-0.8967,0.3432,-0.272,0.2261,0.6854,2.3221,0.9901,0.5908,-1.4961,-2.6091,-2.3406,1.7223,0.9067,0.4029,-1.34,-0.1844,0.0297,1.1181,-1.7426,-0.0284,1.5849,2.2591,1.128,0.4,1.398,-2.2031
2.5768,1.4174,-0.941,0.4442,1.3052,0.798,0.9175,-0.2676,0.1091,-1.8449,2.1219,-1.5977,1.3185,0.9,2.1379,-2.2219,-0.0907,1.6479,-1.1929,-2.0435,-0.3144,1.6712,-1.2367,-0.7369,-2.2504,-1.5452,-1.3883,-1.9625,-0.2018,-0.8557,-0.6556,-0.7972,0.0587,-0.228,-0.2721,-0.2849,1.7057,0.3735,0.4868,-1.6451,-2.7002,-3.8265,1.629,1.0289,0.4217,-1.3523,-0.1166,0.1336,1.2017,-1.6613,-0.0798,1.6536,2.604,1.4615,0.3923,1.4912,-2.2657
2.7243,1.6138,-1.1022,0.0394,0.576,0.6076,0.7325,-0.6208,-0.0937,-1.8575,1.5468,-1.7575,1.1901,1.0605,2.079,-1.6515,-0.4007,1.7685,-0.2115,-1.3909,-0.2346,1.3697,-0.8909,-0.6441,-1.6358,-1.6195,-1.4091,-1.8997,-0.0568,-0.0634,-0.1996,-0.7972,0.4044,-0.1917,0.0672,0.3224,1.8573,0.297,0.5508,-1.387,-2.7554,-3.2938,1.6571,0.6594,0.3966,-1.8886,0.219,0.4684,1.7718,-1.6477,0.3348,2.0671,2.7873,1.2595,0.7555,1.9545,-2.0443
3.2742,2.2838,-0.4511,0.9653,2.4935,0.2559,0.7818,-0.9329,-0.749,-1.5702,2.2188,-1.9056,1.3168,1.1253,2.1028,-1.8026,-0.2513,1.7948,-1.1419,-1.7453,-0.4106,1.7485,-1.2744,-0.9282,-1.9562,-1.575,-1.1413,-1.8323,0.4015,-0.0151,-0.1397,-0.4848,1.165,-0.0202,0.3259,0.4905,2.0322,0.6426,0.9278,-1.4477,-2.9441,-2.724,1.9622,1.3282,0.907,-0.5055,0.3337,0.8605,2.8833,-1.5346,0.3422,2.3784,3.7232,1.9138,1.0233,2.115,-2.0427
3.0657,2.2275,-0.3548,1.3749,2.1963,0.0873,0.3805,-0.8737,-0.8773,-2.123,1.3434,-2.1144,1.0731,1.1253,1.6725,-1.8026,-0.3359,1.5625,-0.9871,-1.7069,-0.4199,1.237,-1.1939,-0.9105,-1.9996,-1.6017,-1.2588,-1.8385,0.6342,0.807,0.3443,-0.4114,1.3499,-0.1372,0.7923,1.1111,2.1955,0.5543,1.0691,-1.0416,-2.5126,-2.5236,2.0792,1.1442,0.9342,-1.3945,0.2112,0.6428,2.3447,-1.4941,0.2815,2.1423,3.398,1.5952,0.6735,1.9143,-2.0411
2.2737,1.3464,-2.6061,0.459,0.1773,0.3136,0.5784,-1.045,-0.1008,-2.0019,0.8363,-2.215,0.9355,1.249,1.8086,-2.8366,-0.5131,1.6115,-1.9418,-1.8781,-0.8916,0.6906,-0.77,-0.8081,-1.5725,-1.6864,-1.4791,-1.8222,0.1728,0.3931,0.1713,-0.736,0.8715,-0.6384,-0.1542,0.6583,1.7381,0.4563,0.3672,-2.3881,-3.6204,-3.2018,1.6068,0.1942,-0.0816,-2.5011,0.2784,0.1786,2.042,-1.6705,0.1582,1.5266,2.7893,0.8437,0.4152,1.7423,-2.1629
2.8137,2.8779,-0.5907,0.7031,1.385,0.0297,0.6456,-1.04,0.1385,-1.7109,1.3258,-2.3378,0.9355,0.9602,1.9684,-2.3669,-0.571,1.5973,-1.0788,-2.8633,-1.3453,1.4725,-1.5191,-1.1841,-2.0071,-1.7318,-1.5229,-1.7429,0.3677,0.1427,0.3193,-0.6603,0.9473,-0.3812,-0.5438,0.0766,1.603,0.36,0.405,-1.7904,-3.2758,-3.3551,1.6478,0.7896,0.2952,-1.344,-0.1881,-0.2659,1.0675,-1.9373,-0.2771,1.3643,2.1894,1.172,0.196,1.387,-2.6866
2.5432,2.287,-1.2559,0.3131,1.476,0.1335,0.2961,-0.8237,-0.8799,-2.4328,1.2786,-1.9946,1.0855,1.0422,2.4001,-2.5566,-0.5741,1.3788,-1.4959,-2.1493,-0.7717,0.8873,-1.2434,-0.8262,-1.9776,-1.6869,-1.1235,-1.6269,0.4922,0.273,-0.0611,-0.6046,0.5941,-0.4012,0.671,1.1916,2.9725,1.7014,0.9401,-1.07,-2.0644,-2.226,2.0418,1.1461,0.8607,-1.1034,0.0855,0.6626,1.3992,-1.5772,0.184,2.2769,2.3726,1.3761,0.6474,1.5258,-2.0178
3.9539,2.8912,-0.1265,0.8246,0.9451,0.546,0.8438,-0.6515,-0.0664,-1.9234,2.3312,-1.6714,1.315,1.3562,2.2427,-1.327,-0.2465,1.7715,-0.3871,-1.7286,-0.592,1.108,-0.6322,-0.5242,-1.5725,-1.5017,-1.3713,-1.9687,0.1821,0.4312,-0.3719,-0.5039,0.8095,-0.0809,0.8865,0.9318,2.1906,0.8762,1.2689,-0.6283,-2.3302,-2.5121,1.944,0.9908,0.4698,-1.2688,0.4401,0.6161,1.9809,-1.5631,0.468,2.0471,2.6883,1.172,0.7244,1.8359,-1.8659
2.4643,2.6196,-1.284,0.8363,1.8466,0.1335,0.7182,-1.1293,-0.7635,-1.494,0.9116,-2.2837,0.8621,0.7048,1.5218,-4.5747,-1.4714,1.0875,-2.2315,-2.4064,-1.7431,0.9104,-0.9346,-0.8121,-1.651,-1.7256,-1.5566,-1.6772,0.4266,0.3619,0.9433,-0.829,1.7331,-0.6063,-0.8805,-0.0827,1.5994,0.1477,0.0673,-2.912,-3.726,-3.7338,1.5284,0.6954,0.4521,-1.4075,-0.292,0.461,2.1337,-1.6648,-0.3232,1.8074,3.3212,1.785,0.6605,1.7379,-2.3246
4.8356,4.0568,0.4012,1.8872,2.346,1.1312,1.4018,-0.0923,1.0297,-1.3998,1.441,-1.8161,1.2331,0.4841,1.2288,-2.2777,-1.0241,1.3414,-1.487,-1.8275,-1.3144,0.933,-0.8087,-0.4115,-1.6822,-1.4946,-1.5723,-2.059,-0.1809,-0.7786,-0.7536,-1.0988,0.0587,0.123,-0.3434,-0.4301,1.1728,-0.5752,0.4528,-1.7963,-2.9607,-3.2076,1.8072,0.3232,-0.2144,-2.3503,-0.2158,-0.5069,1.0953,-1.4824,-0.0798,1.0861,3.2417,1.2742,0.0683,1.3181,-2.2493
3.6027,2.3357,-0.9038,1.1597,1.3011,1.2474,1.679,-0.114,1.4488,-1.1714,2.0416,-1.6921,1.3203,0.9331,1.8162,-2.5566,-0.802,1.5301,-1.8238,-1.6856,-1.1464,0.8733,-0.8535,-0.5923,-1.7535,-1.4939,-1.2676,-1.8822,-0.281,-0.7804,-0.673,-0.9927,0.2039,0.01,-0.5971,-0.6825,1.0742,-0.314,0.2643,-2.2151,-3.6369,-4.3624,1.475,0.0763,-0.9368,-3.0919,-0.3305,-0.6226,0.4448,-1.8498,-0.3421,0.8222,1.9017,0.6425,0.1426,1.0036,-2.3942
5.2981,5.5872,0.9124,2.6333,2.5188,0.7431,1.385,-0.3143,0.5298,-1.6131,1.2547,-1.8533,1.2526,0.9488,1.6934,-2.0151,-1.0783,1.3626,-1.7353,-1.6197,-1.1594,0.6851,-0.9855,-0.5181,-2.0146,-1.5338,-1.4638,-1.802,-0.4914,-0.6097,-0.4026,-0.989,0.3894,0.1924,-0.7409,-0.3939,1.1461,-0.1937,0.0856,-2.2897,-3.1718,-3.961,1.5826,-0.3021,-0.905,-3.6121,-0.3276,-0.6722,0.9661,-1.8462,-0.3421,0.6514,2.6233,0.7976,-0.3184,1.0846,-2.3179
2.91,2.0076,-0.5574,0.488,1.0634,0.9805,1.2356,0.0394,0.5948,-1.6279,2.2051,-1.2759,1.5027,1.1899,2.2786,-1.4362,-0.503,1.5662,-0.7514,-2.0861,-0.8841,0.9375,-0.7616,-0.3293,-1.7535,-1.4923,-1.1967,-1.8461,-0.2241,-0.4041,-0.3392,-0.9688,0.1149,0.2815,0.3056,0.2653,1.8346,0.4126,0.7408,-1.3441,-2.0409,-2.7794,2.0495,0.4389,-0.3564,-2.3605,0.0099,-0.1026,1.1538,-1.7533,0.0866,1.5181,3.1927,1.0656,0.2809,1.2639,-1.912
2.9217,2.8673,-0.006,0.7219,1.3889,1.018,1.3398,-0.1394,0.3127,-1.392,1.7126,-1.5653,1.1687,1.1845,2.1005,-1.4406,-0.701,1.3294,-1.0445,-2.0545,-1.1892,0.8543,-0.8331,-0.5227,-1.7036,-1.585,-1.3321,-1.7762,-0.193,-0.3447,-0.5259,-1.0502,0.1601,-0.0564,0.2261,1.0062,2.355,1.0543,0.4111,-1.616,-2.402,-2.3406,1.8842,0.3803,-0.1276,-2.3302,-0.0347,-0.1553,1.4218,-1.6095,0.0584,1.7203,3.2738,1.5208,0.6276,1.5861,-2.0419
1.6985,1.3319,-1.8193,0.0491,0.1773,1.3658,1.8677,-0.1052,1.0563,-0.8704,1.8957,-1.6072,1.3558,1.363,2.6104,-1.0675,-0.1437,1.5828,-1.4783,-1.7177,-0.423,1.1041,-0.7247,-0.5059,-1.7592,-1.4869,-1.2216,-1.6835,-0.4653,-0.6291,-0.5104,-0.9798,-0.1559,0.3569,0.1208,0.4441,2.1326,0.8213,0.2345,-2.024,-3.162,-2.2915,1.6235,0.1704,-0.4673,-2.0965,-0.2044,-0.0951,1.0907,-1.7013,-0.1989,1.6536,2.8477,1.1601,0.4076,1.2329,-2.5433
4.8697,3.8265,0.1135,1.7698,2.3912,0.4819,1.109,-0.655,0.0399,-1.4812,1.4069,-2.0082,1.0502,0.9331,1.4945,-2.3772,-1.0687,1.3294,-1.3366,-1.9248,-1.0395,0.9058,-0.8581,-0.4939,-1.6208,-1.5674,-1.2617,-1.8974,0.1821,-0.2135,-0.4091,-1.021,0.665,0.297,0.3652,0.2121,1.6773,0.1477,0.776,-1.4517,-2.8508,-2.5006,1.9133,0.762,-0.17,-1.9231,0.1034,-0.1609,1.2315,-2.2114,0.3928,1.7888,3.7232,1.7799,0.5319,1.6474,-1.735
3.391,2.5401,-0.2812,1.1056,1.5411,1.238,1.3794,0.5021,1.2235,-1.3356,1.9936,-1.6216,1.5507,1.088,1.9276,-2.1179,-1.0639,1.3438,-1.5003,-1.8524,-1.4928,0.878,-0.5274,0.0587,-1.4366,-1.3689,-1.5067,-2.0343,0.1262,-0.0457,-0.4157,-1.0191,0.3116,0.5007,0.1711,0.5503,1.9993,0.2214,0.8241,-1.7729,-2.3402,-2.4781,2.1991,0.8749,0.3023,-1.9371,-0.0254,-0.2229,1.3878,-1.5975,0.3422,1.8148,3.6697,1.9551,0.5107,1.539,-1.9466
1.1962,0.0875,-1.7091,0.2217,1.3928,1.2661,1.8435,0.0394,0.7964,-1.2551,3.1964,-1.2994,1.6284,1.2723,2.0779,-1.4676,-0.6858,1.2899,0.4467,-2.1958,-1.3453,1.6101,-0.3396,-0.1359,-1.4045,-1.3721,-1.378,-1.8624,-0.0445,-0.2466,-0.3706,-1.0762,-0.0635,0.1924,0.2776,0.4848,1.8303,0.3735,0.6288,-0.3232,-2.7137,-2.7105,1.7319,0.9908,0.3094,-1.0873,-0.154,-0.4894,0.6002,-1.7539,-0.1015,1.0597,1.8082,1.1837,-0.1113,1.1446,-2.2059
3.648,2.3677,-0.7507,1.1981,1.3575,1.4691,1.8629,-0.0141,0.7236,-1.0886,1.8808,-1.5429,1.4436,0.762,1.3984,-2.3264,-0.9532,1.3765,-1.2851,-1.5767,-1.09,1.0319,-0.6415,-0.3061,-1.5773,-1.4731,-1.5745,-2.025,-0.4145,-0.832,-0.855,-1.0947,0.2463,0.2579,-0.5475,-0.5123,1.1757,-0.5166,0.2269,-1.7845,-3.0938,-3.7679,1.7271,0.5286,-0.2233,-1.9442,0.2266,0.1874,1.6025,-1.4521,0.2658,1.8479,3.5305,1.7438,1.1061,1.8049,-2.0458
3.0972,2.2903,0.2077,0.6968,1.5867,0.6605,0.9829,-0.3929,0.1287,-1.6429,1.4748,-1.6765,1.0952,1.3479,2.4477,-0.7678,-0.7078,1.4492,-0.903,-2.0388,-1.303,0.707,-1.0988,-0.713,-1.6982,-1.556,-1.1362,-1.7331,-0.2926,-0.2276,-0.288,-0.8916,0.351,-0.083,0.1629,0.7286,2.1388,0.9732,0.6288,-1.3944,-2.3503,-2.371,1.7811,0.5625,-0.3288,-1.9092,-0.2145,-0.2077,0.9761,-1.7264,0.0198,1.5931,2.6212,1.3066,0.6474,1.3509,-2.1334
3.5796,4.1846,-0.0736,0.9707,2.4657,1.0286,1.7196,-0.382,0.8867,-1.2091,2.3312,-1.3447,1.388,1.0908,2.2465,-1.4861,-0.7354,1.5919,-0.3219,-1.9112,-0.8941,1.6282,-0.6286,-0.4312,-1.582,-1.4861,-1.3289,-1.7522,-0.2151,-0.6571,-0.4341,-0.9908,0.1601,0.01,-0.1482,-0.0664,1.6619,0.3464,0.47,-1.2864,-2.3811,-2.9938,1.7425,0.8096,0.1723,-1.6351,-0.4002,-0.3128,1.1135,-1.8623,-0.3601,0.9334,2.1973,1.4358,0.5249,1.3509,-2.3517
2.7243,2.3066,-0.0408,0.7891,1.6378,0.6076,1.1639,-0.3105,-0.5031,-1.3578,2.5302,-1.3885,1.6888,1.1279,2.4001,-1.6354,-0.6112,1.6411,-0.9404,-1.918,-0.5487,1.2884,-0.9597,-0.4087,-1.6308,-1.4088,-1.5107,-1.7016,0.4266,-0.1564,0.1893,-0.7957,1.0196,0.3273,-0.003,0.6628,2.355,0.9134,0.8169,-1.3199,-2.2347,-2.7653,2.0864,1.2241,0.5534,-0.7375,0.1381,0.5683,1.9148,-1.5741,0.2658,2.7176,3.6149,1.9369,1.0391,1.9761,-1.9536
4.2774,4.3599,0.294,1.8293,3.1112,0.1872,0.5555,-1.03,-0.0826,-1.8898,1.5632,-1.7863,1.1533,1.1111,1.576,-2.5566,-0.8631,1.2824,-1.2362,-1.9248,-1.266,1.1425,-0.77,-0.7388,-1.4657,-1.6274,-1.46,-1.7855,0.1356,-0.4122,-0.358,-0.8146,0.5808,-0.3643,0.6837,1.2211,2.5373,1.215,1.1537,-0.9469,-1.3564,-1.2794,2.3518,1.4606,1.0835,-0.1408,-0.2851,-0.6471,1.2893,-1.9655,-0.3058,0.7102,2.8089,0.9361,-0.1244,1.2355,-2.275
2.5163,1.3798,-0.7138,0.3607,1.7951,0.4526,0.891,-0.557,-0.6834,-1.6034,1.9106,-1.6216,1.2006,0.8029,1.6511,-2.143,-0.9257,1.029,-0.7748,-2.896,-1.4355,1.0278,-1.0066,-0.5745,-1.9704,-1.5401,-1.5714,-2.0736,-0.381,-0.4996,-0.5517,-1.1072,0.0297,-0.3969,-1.3697,-0.6476,0.8183,-0.4421,-0.7001,-2.165,-4.5166,-3.7765,0.967,-0.3524,-1.072,-3.1369,-0.0243,0.2813,1.2399,-1.7905,0.0958,1.986,2.3774,1.3102,0.4673,1.5646,-2.1246
0.7945,-0.3133,-2.6286,-0.1942,0.7662,0.5873,0.9043,-0.736,-0.7587,-1.5843,2.1219,-1.8856,1.1795,0.9713,1.9489,-2.1601,-0.8417,1.5973,-0.6708,-2.3791,-0.9941,1.6023,-1.1165,-0.8282,-1.8621,-1.6497,-1.4947,-1.9292,-0.2626,-0.6356,-0.4772,-1.1178,0.2125,-0.5318,-0.1411,0.1037,1.4917,0.104,0.5559,-1.543,-3.1274,-3.255,1.7151,0.8128,0.3164,-1.5225,-0.3527,-0.3813,1.2771,-1.8593,-0.3812,0.9838,2.363,1.168,0.106,1.5125,-2.5748
3.5873,2.4398,-0.5574,1.2772,0.8282,0.46,0.8369,-0.8237,0.01,-1.6131,0.107,-2.7269,0.589,0.6887,1.0399,-3.4889,-0.9468,0.9112,-2.1251,-2.1673,-1.5632,0.0679,-1.5191,-1.2106,-2.053,-1.7607,-1.4021,-1.9251,-0.4627,-0.8107,-0.5517,-0.8916,0.4044,0.01,-0.3345,0.058,1.4557,0.0487,0.2859,-1.9636,-3.5352,-3.196,1.6465,-0.0699,-0.6238,-2.8266,-0.4807,-0.8738,0.9205,-1.9828,-0.6348,0.4471,2.3338,0.4858,-0.1465,1.1151,-2.6503
5.1289,4.6562,0.593,1.6938,3.9432,0.6991,1.2473,-0.557,0.2358,-1.5563,1.9303,-1.5791,1.29,0.8848,1.6882,-1.7538,-0.6128,1.2164,-0.1944,-2.2302,-0.9169,1.4192,-0.6988,-0.349,-1.5585,-1.5569,-1.4908,-1.9503,0.0494,-0.1858,-0.3555,-1.0002,-0.0437,0.1582,0.4886,0.426,1.9036,0.2135,0.6561,-0.7494,-2.536,-2.5951,1.8588,1.0335,0.3772,-1.3817,0.5128,0.6821,1.1845,-1.2805,0.7442,2.6788,2.982,2.136,1.2846,1.8516,-1.4522
3.5244,2.8324,-0.4714,0.9814,2.0947,0.6276,0.9634,-0.4012,0.1873,-1.6633,2.2097,-1.296,1.3475,1.2017,2.2693,-1.4676,-0.4901,1.2925,-0.7286,-2.3722,-0.7941,0.9464,-0.4353,-0.3307,-1.2682,-1.4615,-1.2705,-1.7994,0.2811,-0.1984,-0.5259,-1.0423,-0.1018,0.3198,0.5462,0.7736,2.2792,0.8132,0.7038,-1.1721,-2.0965,-2.2169,1.7976,0.7514,0.1557,-1.9231,0.0198,-0.0561,0.8682,-1.7479,0.2008,1.7357,2.3216,1.0909,0.3691,1.2197,-1.8595
3.5083,2.8351,-0.4235,1.2589,1.8316,0.0966,0.3556,-0.9217,-0.9271,-2.0399,1.2184,-2.1858,1.0021,0.7505,1.8342,-2.3067,-0.4731,1.4364,-1.4739,-1.9669,-0.7262,1.4812,-0.9321,-0.713,-1.6208,-1.7688,-1.4091,-2.1509,0.9951,0.106,-0.003,-0.5065,1.3415,-0.5499,0.2412,0.5127,1.9897,0.2524,0.7246,-1.53,-2.5966,-2.3813,1.9536,0.7896,0.5481,-1.8819,0.1034,0.1697,1.9371,-1.7008,0.0773,1.6256,3.1761,1.1759,0.3296,1.7016,-2.294
1.4578,0.2828,-0.7676,-0.5201,-0.3041,0.4964,0.9043,-0.7492,0.3413,-1.4037,1.8205,-1.7242,1.2697,1.658,2.7433,-0.4414,-0.2513,1.7383,-0.6669,-1.9112,-0.581,1.0236,-1.1376,-0.8633,-1.9079,-1.5786,-1.3385,-1.7855,0.2276,0.8722,0.0297,-0.7226,0.7207,-0.1214,0.3964,1.0033,2.223,1.1454,0.4111,-1.6907,-3.2075,-3.0156,1.5955,0.3099,-0.3476,-2.1986,0.2342,0.5683,2.1036,-1.5812,0.3273,2.0538,3.2417,1.3418,0.8859,1.9452,-2.1066
4.5995,3.7664,-0.0931,1.0497,0.7312,0.6799,0.8301,-0.461,0.4737,-1.6841,1.7644,-1.7804,1.2291,0.9127,1.8101,-2.4303,-0.5604,1.9147,-1.2745,-0.9839,-0.0471,1.4667,-1.0309,-0.6701,-1.7883,-1.5877,-1.4752,-1.9146,-0.1537,-0.8497,-0.6971,-1.1072,0.1422,-0.0522,-0.459,-0.2238,1.4294,0.1561,0.5248,-2.1987,-3.1293,-3.636,1.6276,0.6214,-0.1846,-1.9731,-0.1154,-0.008,1.3647,-1.7362,-0.1693,1.4667,2.448,0.8336,0.2891,1.4713,-2.3257
1.6639,0.7497,-2.3905,-0.4072,-0.2273,0.9366,0.7957,-0.3378,0.4455,-1.802,1.8256,-1.7297,1.315,1.2171,2.2786,-1.4406,0.0684,2.4308,-0.1254,-0.5752,0.3545,1.6638,-0.7227,-0.515,-1.611,-1.5406,-1.4162,-1.9392,0.2456,0.0199,-0.3592,-0.8849,0.5808,0.123,-0.434,0.0486,1.4854,0.1894,0.4469,-1.7172,-3.3658,-3.1655,1.6358,0.2896,-0.1403,-2.4341,0.1549,0.2222,2.0935,-1.6378,0.1049,1.6616,3.1761,1.1198,0.7118,1.881,-2.1657
0.9319,-0.0519,-2.4714,-0.3882,-0.6795,0.7118,0.8369,-0.1327,0.2164,-1.8703,3.0556,-0.9544,1.672,1.5881,2.8136,-0.5105,0.3484,2.3189,0.4972,-0.8807,0.4208,1.0605,-0.2713,-0.003,-1.241,-1.3099,-1.058,-1.831,0.4678,0.9958,-0.2178,-0.5403,1.0398,0.0584,0.6406,1.0092,2.1621,0.9314,1.1445,-0.5348,-1.6514,-2.6709,1.9665,0.63,-0.1724,-1.9731,0.5792,0.9684,1.9673,-1.2428,0.8686,2.9321,3.1595,1.0825,1.1658,1.9452,-1.3707
0.9999,0.1431,-0.9537,-0.2962,0.9451,-0.4338,-0.1919,-1.4835,-1.0251,-2.4638,1.6706,-1.8922,0.817,1.1071,1.9058,-1.1054,-0.7078,1.466,-1.0644,-1.6148,-0.8404,1.2405,-1.6332,-1.3626,-2.3395,-1.8014,-1.3482,-1.8078,0.1821,0.2646,0.0877,-0.8533,0.3036,-0.1037,0.7591,0.9668,2.4758,1.4316,1.2373,-0.5879,-1.7851,-1.2794,2.1418,1.5976,1.1501,0.1035,-0.0568,0.0491,1.384,-1.8299,-0.2085,1.4228,2.3774,1.128,0.3534,1.3669,-2.2898
3.5562,2.5341,-0.2526,0.5023,1.1421,0.6343,1.317,-0.4669,0.5484,-1.5291,2.3709,-1.6817,1.4479,1.0031,2.0732,-1.1615,-0.4034,1.5282,-0.1658,-1.6803,-0.3701,1.6663,-0.6396,-0.4426,-1.6822,-1.4296,-1.4488,-1.9927,0.0298,-0.5672,-0.6603,-0.8386,0.2956,-0.3019,-0.0473,0.2043,1.8807,0.3668,0.6954,-1.0779,-3.236,-3.1636,1.7722,0.9422,0.5587,-1.265,-0.0111,0.1874,1.495,-1.7899,-0.1326,1.6094,2.604,1.452,0.196,1.6812,-2.3528
